state,bill_act_order,bill_url,type_of_action,mode_of_action,vaccines_impacted,enacted,date_enacted,action_expiration,summary,notes,enacted_bool,last_updated,source_year,source_tracker_url
Alabama,H 24,https://custom.statenet.com/public/resources.cgi?id=ID:bill:AL2026000H24&ciq=ncsl&client_md=ee5a4cde09699e16d1a2d3e5861b9f37&mode=current_text,Exemption Expansion,Legislation,All,N,Pending,,Would make a parent or guardian’s written declaration enough to obtain a religious exemption from K–12 vaccine or testing requirements and would require public higher education institutions to provide medical and religious exemptions from student vaccine or testing requirements,,FALSE,06/03/2026,2026,https://script.google.com/macros/s/AKfycbxpQ_nuXzoO9RcrPjc0GLdmhj7VVpuyyShe5YnC9Zdh29Z6m64w-_GApGp_CGOZHtxZ7g/exec
Alaska,HB 238,https://www.akleg.gov/basis/Bill/Detail/?Root=HB%20238,Decoupling / Reducing Reliance,Legislation,Childhood Vaccines,N,Pending,,"Adds American Academy of Pediatrics-recommended vaccines for children and adolescents age 18 and under to Alaska’s statewide immunization program and Medicaid-covered immunizations, alongside ACIP-recommended vaccines.",,FALSE,06/03/2026,2026,https://script.google.com/macros/s/AKfycbxpQ_nuXzoO9RcrPjc0GLdmhj7VVpuyyShe5YnC9Zdh29Z6m64w-_GApGp_CGOZHtxZ7g/exec
Arizona,Standing Order,https://www.azdhs.gov/covid19/documents/2025/arizona-standing-order-for-covid-19-vaccine.pdf?v=20250919,Decoupling / Reducing Reliance,Standing Order,COVID-19,Y,09/18/2025,09/17/2026,"Standing order authorizes licensed Arizona healthcare professionals, including pharmacists and certain supervised pharmacy personnel, to assess eligibility and administer age-appropriate COVID-19 vaccines to people ages 6 months and older under ADHS protocol without a patient-specific prescription",,TRUE,06/03/2026,2026,https://script.google.com/macros/s/AKfycbxpQ_nuXzoO9RcrPjc0GLdmhj7VVpuyyShe5YnC9Zdh29Z6m64w-_GApGp_CGOZHtxZ7g/exec
Arizona,HB 2248,https://legiscan.com/AZ/supplement/HB2248/id/648005,Exemption Expansion,Legislation,All,N,Pending,,"Arizona's Medical Freedom Act, would broadly prohibit government entities, schools, businesses, and ticket issuers from denying employment, entry, services, or benefits based on whether a person has received or used a medical intervention, including vaccines and other medical treatments",,FALSE,06/03/2026,2026,https://script.google.com/macros/s/AKfycbxpQ_nuXzoO9RcrPjc0GLdmhj7VVpuyyShe5YnC9Zdh29Z6m64w-_GApGp_CGOZHtxZ7g/exec
Arizona,SB 1016,https://www.azleg.gov/legtext/57leg/2R/bills/SB1016P.htm,Exemption Expansion,Legislation,COVID-19,N,Pending,,"Would require employers to provide a religious accommodation for employees who object to a medical product, expanding the current Arizona religious-exemption framework beyond the COVID-19 vaccination to a broader category of medical products",,FALSE,06/03/2026,2026,https://script.google.com/macros/s/AKfycbxpQ_nuXzoO9RcrPjc0GLdmhj7VVpuyyShe5YnC9Zdh29Z6m64w-_GApGp_CGOZHtxZ7g/exec
California,AB144,https://leginfo.legislature.ca.gov/faces/billNavClient.xhtml?bill_id=202520260AB144#:~:text=SEC.%2026.%C2%A0Section%20120164%20is%20added%20to%20the%20Health%20and%20Safety%20Code%2C%20to%20read%3A,Decoupling / Reducing Reliance,Legislation,All,Y,09/27/2025,,"Authorizes specified providers to prescribe and administer certain vaccines based on California Department of Public Health recommendations rather than ACIP, updates state-regulated coverage and other vaccine-related requirements to use January 2025 federal recommendations as a floor with CDPH authority to modify or supplement them, and requires Medi-Cal to cover immunizations consistent with ACIP, AAP, ACOG, AAFP, and any CDPH updates, subject to federal approval.",,TRUE,06/03/2026,2026,https://script.google.com/macros/s/AKfycbxpQ_nuXzoO9RcrPjc0GLdmhj7VVpuyyShe5YnC9Zdh29Z6m64w-_GApGp_CGOZHtxZ7g/exec
California,Vaccine Guidance,https://www.cdph.ca.gov/Programs/OPA/Pages/NR26-001.aspx,Decoupling / Reducing Reliance,Statement,Childhood Vaccines,Y,01/05/2026,,Announces the West Coast Health Alliance will continue recommending AAP child and adolescent immunization schedule despite recent federal changes to childhood vaccine guidance,,TRUE,06/03/2026,2026,https://script.google.com/macros/s/AKfycbxpQ_nuXzoO9RcrPjc0GLdmhj7VVpuyyShe5YnC9Zdh29Z6m64w-_GApGp_CGOZHtxZ7g/exec
Colorado,HB 25-1027,https://leg.colorado.gov/sites/default/files/2025a_1027_signed.pdf,Decoupling / Reducing Reliance,Legislation,All,Y,12/17/2025,,"Directs the state Board of Health to consider recommendations from professional medical organizations (e.g., AAP, AAFP, etc.)",,TRUE,06/03/2026,2026,https://script.google.com/macros/s/AKfycbxpQ_nuXzoO9RcrPjc0GLdmhj7VVpuyyShe5YnC9Zdh29Z6m64w-_GApGp_CGOZHtxZ7g/exec
Colorado,SB 26-32,https://leg.colorado.gov/bills/SB26-032,"Decoupling / Reducing Reliance, Liability Protection",Legislation,All,N,03/27/2026,,"Codifies use of multiple scientific bodies (AAP, AAFP, etc.) alongside or instead of ACIP. Also expands provider authority, pharmacists can independently prescribe vaccines, updates insurance and coverage rules, strengthens liability protections. Includes adult immunization provisions and programmatic updates. Pending Governor's Signature/Veto",,FALSE,06/03/2026,2026,https://script.google.com/macros/s/AKfycbxpQ_nuXzoO9RcrPjc0GLdmhj7VVpuyyShe5YnC9Zdh29Z6m64w-_GApGp_CGOZHtxZ7g/exec
Connecticut,Insurance Bulletin,https://portal.ct.gov/cid/-/media/cid/1_bulletins/bulletin-hc-133.pdf,"Coverage Requirement, Decoupling / Reducing Reliance",Insurance Bulletin,COVID-19,,,,"Confirms that state-regulated health plans must continue covering COVID-19 immunizations without cost sharing under Connecticut law based on recommendations from specified medical academies and state DPH guidance, even if ACIP changes its position",,FALSE,06/03/2026,2026,https://script.google.com/macros/s/AKfycbxpQ_nuXzoO9RcrPjc0GLdmhj7VVpuyyShe5YnC9Zdh29Z6m64w-_GApGp_CGOZHtxZ7g/exec
Connecticut,HB 5044,https://www.cga.ct.gov/asp/CGABillStatus/cgabillstatus.asp?selBillType=Bill&bill_num=HB5044,"Decoupling / Reducing Reliance, Coverage Requirement",Legislation,All,Y,04/23/2026,,"Authorizes the Public Health Commissioner to set state immunization standards for children and adults using recommendations from ACIP, AAP, AAFP, ACOG, ACP, IDSA, and the SMFM, require insurance coverage of those commissioner-recommended immunizations, and create a free adult flu-vaccine pilot program",,TRUE,06/03/2026,2026,https://script.google.com/macros/s/AKfycbxpQ_nuXzoO9RcrPjc0GLdmhj7VVpuyyShe5YnC9Zdh29Z6m64w-_GApGp_CGOZHtxZ7g/exec
Delaware,Standing Order,https://news.delaware.gov/2025/09/26/governors-office-provides-updates-on-covid-19-vaccination-and-access/,Decoupling / Reducing Reliance,Standing Order,COVID-19,Y,09/26/2025,,"Standing Order authorizes licensed pharmacists, and appropriately trained interns and certified pharmacy technicians under pharmacist supervision, to administer COVID-19 vaccines to eligible individuals based on AAP, AAFP, and ACOG recommendations rather than CDC guidance",,TRUE,06/03/2026,2026,https://script.google.com/macros/s/AKfycbxpQ_nuXzoO9RcrPjc0GLdmhj7VVpuyyShe5YnC9Zdh29Z6m64w-_GApGp_CGOZHtxZ7g/exec
District of Columbia (D.C.),A26-0149,https://lims.dccouncil.gov/Legislation/B26-0350,Decoupling / Reducing Reliance,Legislation,All,Y,09/16/2025,12/21/2025,Emergency bill allowing health providers to order and administer immunizations based not only on ACIP recommendations but also on schedules issued by another competent medical or public health organization designated by the D.C. Department of Health Director through public notice,,TRUE,06/03/2026,2026,https://script.google.com/macros/s/AKfycbxpQ_nuXzoO9RcrPjc0GLdmhj7VVpuyyShe5YnC9Zdh29Z6m64w-_GApGp_CGOZHtxZ7g/exec
District of Columbia (D.C.),Vaccine Guidance,https://dchealth.dc.gov/page/covid-19-vaccination-guidelines,Decoupling / Reducing Reliance,Statement,All,Y,09/16/2025,,"Statement by the DC Department of Health Director designating AAP, ACOG, and AAFP as competent medical organizartions per A26-0149",,TRUE,06/03/2026,2026,https://script.google.com/macros/s/AKfycbxpQ_nuXzoO9RcrPjc0GLdmhj7VVpuyyShe5YnC9Zdh29Z6m64w-_GApGp_CGOZHtxZ7g/exec
District of Columbia (D.C.),25-IB-003-09/17,https://disb.dc.gov/sites/default/files/dc/sites/disb/page_content/attachments/DISB%20Bulletin%202025%2009%2017%20Immunization.pdf,Decoupling / Reducing Reliance,Insurance Bulletin,All,Y,09/17/2025,,"Insurance bulletin requiring carriers to cover vaccines per ACIP recommendations as of December 31, 2024, including COVID-19 vaccines, and advising the Department may issue future guidance based on medical society recommendations.",,TRUE,06/03/2026,2026,https://script.google.com/macros/s/AKfycbxpQ_nuXzoO9RcrPjc0GLdmhj7VVpuyyShe5YnC9Zdh29Z6m64w-_GApGp_CGOZHtxZ7g/exec
District of Columbia (D.C.),A26-0162,https://lims.dccouncil.gov/Legislation/B26-0351,Decoupling / Reducing Reliance,Legislation,All,Y,12/19/2025,07/24/2026,"Bill temporarily authorizes D.C. healthcare providers to order and administer immunizations recommended by competent medical or public health organizations designated by the D.C. Health Director, and also allows pharmacies to administer COVID-19 vaccines without a doctor’s prescription",,TRUE,06/03/2026,2026,https://script.google.com/macros/s/AKfycbxpQ_nuXzoO9RcrPjc0GLdmhj7VVpuyyShe5YnC9Zdh29Z6m64w-_GApGp_CGOZHtxZ7g/exec
District of Columbia (D.C.),A26-0251,https://lims.dccouncil.gov/Legislation/B26-0414,Decoupling / Reducing Reliance,Legislation,All,Y,01/27/2026,,Enacted but awaiting Congressional Review. Bill would authorize healthcare providers in the District to order and administer immunizations recommended by competent medical and public health organizations designated by the Director of the Department of Health.,,TRUE,06/03/2026,2026,https://script.google.com/macros/s/AKfycbxpQ_nuXzoO9RcrPjc0GLdmhj7VVpuyyShe5YnC9Zdh29Z6m64w-_GApGp_CGOZHtxZ7g/exec
Florida,SB 1756,https://www.flsenate.gov/Session/Bill/2026/1756/BillText/c1/PDF,Exemption Expansion,Legislation,All,N,Dead,,Died in Messages on 3/13/26. Florida's Medical Freedom Act would impose new parental notice and acknowledgment requirements before minors receive vaccines and would expand school-entry immunization exemptions to include objections based on religion or conscience.,,FALSE,06/03/2026,2026,https://script.google.com/macros/s/AKfycbxpQ_nuXzoO9RcrPjc0GLdmhj7VVpuyyShe5YnC9Zdh29Z6m64w-_GApGp_CGOZHtxZ7g/exec
Hawaii,Emergency Proclamation,https://governor.hawaii.gov/wp-content/uploads/2025/09/2509078-ATG_Proclamation-Relating-to-Pharmacist-Provided-Vaccination-Services.pdf,Scope of Authority,Emergency Proclamation,COVID-19,Y,09/23/2025,11/22/2025,Emergency Proclamation enabling pharmacists to continue providing the COVID-19 vaccine to people 3 and older without a prescription; in effect through Nov. 22 2025,,TRUE,06/03/2026,2026,https://script.google.com/macros/s/AKfycbxpQ_nuXzoO9RcrPjc0GLdmhj7VVpuyyShe5YnC9Zdh29Z6m64w-_GApGp_CGOZHtxZ7g/exec
Hawaii,Insurance Bulletin,https://cca.hawaii.gov/ins/commissioners-memorandum-2025-7h-covid-19-vaccination-coverage/,Coverage Requirement,Insurance Bulletin,COVID-19,Y,09/11/2025,,Insurance memorandum requiring continued coverage for COVID-19 vaccines even for off-label indications,,TRUE,06/03/2026,2026,https://script.google.com/macros/s/AKfycbxpQ_nuXzoO9RcrPjc0GLdmhj7VVpuyyShe5YnC9Zdh29Z6m64w-_GApGp_CGOZHtxZ7g/exec
Hawaii,Emergency Proclamation,https://governor.hawaii.gov/wp-content/uploads/2025/11/2511051.pdf,Scope of Authority,Emergency Proclamation,COVID-19,Y,11/18/2025,01/17/2026,Emergency Proclamation enabling pharmacists to continue providing the COVID-19 vaccine to people 3 and older without a prescription; in effect through Jan. 17 2026.,,TRUE,06/03/2026,2026,https://script.google.com/macros/s/AKfycbxpQ_nuXzoO9RcrPjc0GLdmhj7VVpuyyShe5YnC9Zdh29Z6m64w-_GApGp_CGOZHtxZ7g/exec
Hawaii,Vaccine Guidance,https://www.cdph.ca.gov/Programs/OPA/Pages/NR26-001.aspx,Decoupling / Reducing Reliance,Statement,Childhood Vaccines,Y,01/05/2026,,"West Coast Health Alliance announces it recommends the American Academy of Pediatrics’ child and adolescent immunization schedule, despite recent federal changes",,TRUE,06/03/2026,2026,https://script.google.com/macros/s/AKfycbxpQ_nuXzoO9RcrPjc0GLdmhj7VVpuyyShe5YnC9Zdh29Z6m64w-_GApGp_CGOZHtxZ7g/exec
Hawaii,HB 1118,https://legiscan.com/HI/text/HB1118/id/3086331,Exemption Restriction,Legislation,All,N,Pending,,"Hawaii proposed eliminating non-medical exemptions (e.g., religious exemptions) for school vaccine requirements in response to rising exemption rates, aiming to strengthen immunization compliance and public health protections.",,FALSE,06/03/2026,2026,https://script.google.com/macros/s/AKfycbxpQ_nuXzoO9RcrPjc0GLdmhj7VVpuyyShe5YnC9Zdh29Z6m64w-_GApGp_CGOZHtxZ7g/exec
Hawaii,HB 2166,https://custom.statenet.com/public/resources.cgi?id=ID:bill:HI2025000H2166&ciq=ncsl&client_md=79c4ee74c2575186a2c3f452bca0d666&mode=current_text,Exemption Expansion,Legislation,All,N,Pending,,"Would require schools to provide a religious exemption from required immunizations and would bar a child from being subjected to medical examination, vaccination, revaccination, or immunization over a parent or guardian’s bona fide religious objection",,FALSE,06/03/2026,2026,https://script.google.com/macros/s/AKfycbxpQ_nuXzoO9RcrPjc0GLdmhj7VVpuyyShe5YnC9Zdh29Z6m64w-_GApGp_CGOZHtxZ7g/exec
Hawaii,SB 3133,https://www.capitol.hawaii.gov/session/measure_indiv.aspx?billtype=SB&billnumber=3133&year=2026,"Decoupling / Reducing Reliance, Coverage Requirement",Legislation,All,N,Pending,,"Establishes a Hawaii Preventive Services Advisory Committee, authorizes DOH preventive-service recommendations, and requires certain state-regulated health coverage to cover recommended preventive services, including vaccines, without cost-sharing.",,FALSE,06/03/2026,2026,https://script.google.com/macros/s/AKfycbxpQ_nuXzoO9RcrPjc0GLdmhj7VVpuyyShe5YnC9Zdh29Z6m64w-_GApGp_CGOZHtxZ7g/exec
Idaho,HB 574,https://legislature.idaho.gov/wp-content/uploads/sessioninfo/2026/legislation/H0574.pdf,Exemption Expansion,Legislation,All,N,Pending,,"Legislation would repeal Idaho’s school and daycare immunization laws and replace them with a broader medical-mandates framework that bars public schools, daycares, and local governments from requiring a medical intervention, including vaccines, as a condition of access or participation",,FALSE,06/03/2026,2026,https://script.google.com/macros/s/AKfycbxpQ_nuXzoO9RcrPjc0GLdmhj7VVpuyyShe5YnC9Zdh29Z6m64w-_GApGp_CGOZHtxZ7g/exec
Illinois,Standing Order,https://dph.illinois.gov/content/dam/soi/en/web/idph/resources/topics-services/prevention-wellness/immunization/2025-26-covid19-vaccination-standing-order.pdf,"Decoupling / Reducing Reliance, Scope of Authority",Standing Order,COVID-19,Y,09/23/2025,09/22/2026,Standing Order authorizing healthcare professionals in pharmacies and other clinical settings to assess eligibility and administer age-appropriate COVID-19 vaccines without a patient-specific physician order to eligible people ages 6 months and older under IDPH’s protocol,,TRUE,06/03/2026,2026,https://script.google.com/macros/s/AKfycbxpQ_nuXzoO9RcrPjc0GLdmhj7VVpuyyShe5YnC9Zdh29Z6m64w-_GApGp_CGOZHtxZ7g/exec
Illinois,Insurance Bulletin,https://www.isms.org/newsroom-categories/insurance/nov-21-2025-emergency-rule-directs-insurers-to-cov,Coverage Requirement,Insurance Bulletin,All,Y,11/21/2025,,"Requires state-regulated insurers to continue covering IDPH-recommended vaccines, including COVID-19, MMR, Infuenza, and routine immunizations without interruption even if federal recommendations changed. This bulletin was superceded by HB 767",,TRUE,06/03/2026,2026,https://script.google.com/macros/s/AKfycbxpQ_nuXzoO9RcrPjc0GLdmhj7VVpuyyShe5YnC9Zdh29Z6m64w-_GApGp_CGOZHtxZ7g/exec
Illinois,HB 767,https://www.ilga.gov/Legislation/BillStatus?GAID=18&DocNum=767&DocTypeID=HB&LegId=156445&SessionID=114,"Decoupling / Reducing Reliance, Liability Protection",Legislation,All,Y,12/02/2025,,"Legislation requires state-regulated health plans to cover immunizations recommended under State Guidelines for Communicable Disease Prevention issued by the Director of Public Health, and it creates an Immunization Advisory Committee to help inform those guidelines",,TRUE,06/03/2026,2026,https://script.google.com/macros/s/AKfycbxpQ_nuXzoO9RcrPjc0GLdmhj7VVpuyyShe5YnC9Zdh29Z6m64w-_GApGp_CGOZHtxZ7g/exec
Illinois,Vaccine Guidance,https://dph.illinois.gov/resource-center/news/2026/february/release-20260205.html,Decoupling / Reducing Reliance,Statement,Childhood Vaccines,Y,02/05/2026,,Illinois's Immunziation Advisory Committee (formed per HB 767) adopts AAP's immunziation schedule,,TRUE,06/03/2026,2026,https://script.google.com/macros/s/AKfycbxpQ_nuXzoO9RcrPjc0GLdmhj7VVpuyyShe5YnC9Zdh29Z6m64w-_GApGp_CGOZHtxZ7g/exec
Indiana,Standing Order,https://www.in.gov/health/files/Dr.-Weaver-CSO-25-04-Vaccine-Administration-by-Other-Providers-Statewide-Standing-Order-and-Protocol_December-17-2024.pdf,Scope of Authority,Standing Order,All,Y,01/01/2025,12/31/2025,Standing Order authorizes healthcare professionals in pharmacies and other clinical settings to assess eligibility and administer age-appropriate COVID-19 vaccines without a patient-specific physician order to eligible people ages 6 months and older under IDPH’s protocol,,TRUE,06/03/2026,2026,https://script.google.com/macros/s/AKfycbxpQ_nuXzoO9RcrPjc0GLdmhj7VVpuyyShe5YnC9Zdh29Z6m64w-_GApGp_CGOZHtxZ7g/exec
Indiana,SB 174,https://iga.in.gov/legislative/2026/bills/senate/174/details,Exemption Expansion,Legislation,All,N,Pending,,"Would expand conscience protections against required immunizations and more generally prohibit requiring a person to undergo a medical intervention as a condition of employment, admission, benefits, or participation",,FALSE,06/03/2026,2026,https://script.google.com/macros/s/AKfycbxpQ_nuXzoO9RcrPjc0GLdmhj7VVpuyyShe5YnC9Zdh29Z6m64w-_GApGp_CGOZHtxZ7g/exec
Iowa,SF 304,https://legiscan.com/IA/bill/SF304/2025,Exemption Restriction,Legislation,Hep B,Y,04/14/2026,,SB 304 aims to limit minors ability to seek vaccines for the prevention of HPV or Hep B unless they have parental consent.,,TRUE,06/03/2026,2026,https://script.google.com/macros/s/AKfycbxpQ_nuXzoO9RcrPjc0GLdmhj7VVpuyyShe5YnC9Zdh29Z6m64w-_GApGp_CGOZHtxZ7g/exec
Iowa,HF 2368,https://www.legis.iowa.gov/docs/publications/LGI/91/HF2368.pdf?id2ddu47at9,Exemption Expansion,Legislation,All,N,Pending,,"Iowa's Medical Freedom Act would broadly bar businesses, gov't entities, and educational institutions from requiring or discriminating based on a person’s receipt of a medical intervention, including vaccines, while repealing Iowa statutes on child immunization requirements and certain COVID-19-specific provisions.",,FALSE,06/03/2026,2026,https://script.google.com/macros/s/AKfycbxpQ_nuXzoO9RcrPjc0GLdmhj7VVpuyyShe5YnC9Zdh29Z6m64w-_GApGp_CGOZHtxZ7g/exec
Kansas,Vaccine Guidance,https://www.coronavirus.kdheks.gov/214/Immunizations?utm_source=chatgpt.com,Decoupling / Reducing Reliance,Vaccine Guidance,Childhood Vaccines,Y,,,Kansas Department of Health & Environment's childhood immunization guidance links to recs from AAP and AAFP.,,TRUE,06/03/2026,2026,https://script.google.com/macros/s/AKfycbxpQ_nuXzoO9RcrPjc0GLdmhj7VVpuyyShe5YnC9Zdh29Z6m64w-_GApGp_CGOZHtxZ7g/exec
Kentucky,Pharmacy Board Directive,https://pharmacy.ky.gov/Documents/KBoP%20COVID-19%20Vaccine%20Guidance%20Sept%202%202025.pdf,Decoupling / Reducing Reliance,Board of Pharmacy Directive,COVID-19,Y,09/02/2025,,"Directs that pharmacists may administer any FDA-authorized or licensed COVID-19 vaccine under a prescriber-approved protocol or prescription drug order even if ACIP has not updated its COVID-19 schedule, because Kentucky law independently authorizes that practice",,TRUE,06/03/2026,2026,https://script.google.com/macros/s/AKfycbxpQ_nuXzoO9RcrPjc0GLdmhj7VVpuyyShe5YnC9Zdh29Z6m64w-_GApGp_CGOZHtxZ7g/exec
Kentucky,SB 108,https://apps.legislature.ky.gov/recorddocuments/bill/26RS/sb108/orig_bill.pdf?8np4htxmwkw,Exemption Expansion,Legislation,All,N,Dead,,"Died due to inaction before the end of the legislative session. Would require employers that mandate immunization as a condition of employment to provide religious and medical exemptions, give written notice of those exemptions, and allow employees to sue over violations",,FALSE,06/03/2026,2026,https://script.google.com/macros/s/AKfycbxpQ_nuXzoO9RcrPjc0GLdmhj7VVpuyyShe5YnC9Zdh29Z6m64w-_GApGp_CGOZHtxZ7g/exec
Kentucky,HB 466,https://apps.legislature.ky.gov/record/26rs/hb466.html%5C,Exemption Expansion,Legislation,Hep B,N,Dead,,Died due to inaction before the end of the legislative session. Remove hepatitis B from the list of required immunizations for children; prohibit additional immunizations from being required by the Cabinet for Health and Family Services without the approval of the General Assembly; delete requirement for hepatitis B immunization for sixth grade school attendance,,FALSE,06/03/2026,2026,https://script.google.com/macros/s/AKfycbxpQ_nuXzoO9RcrPjc0GLdmhj7VVpuyyShe5YnC9Zdh29Z6m64w-_GApGp_CGOZHtxZ7g/exec
Louisiana,HB 737,https://legiscan.com/LA/sponsors/HB737/2026,Exemption Restriction,Legislation,Meningococcal,N,Pending,,HB 737 requires that certain students present immunization against meningococcal disease for school entry.,,FALSE,06/03/2026,2026,https://script.google.com/macros/s/AKfycbxpQ_nuXzoO9RcrPjc0GLdmhj7VVpuyyShe5YnC9Zdh29Z6m64w-_GApGp_CGOZHtxZ7g/exec
Maine,Standing Order,https://www.maine.gov/dhhs/mecdc/sites/maine.gov.dhhs.mecdc/files/documents/Maine%20CDC%20Standing%20Order%20for%20Administration%20of%202025%E2%80%932026%20COVID-19%20Vaccines.pdf,Decoupling / Reducing Reliance,Standing Order,COVID-19,Y,09/12/2025,,"Standing Order authorizes qualified health care professionals to assess eligibility for and administer age-appropriate 2025–2026 COVID-19 vaccines under a statewide protocol based on evidence-based guidance from AAP, AAFP, and ACOG, without a patient-specific order at the time of care",,TRUE,06/03/2026,2026,https://script.google.com/macros/s/AKfycbxpQ_nuXzoO9RcrPjc0GLdmhj7VVpuyyShe5YnC9Zdh29Z6m64w-_GApGp_CGOZHtxZ7g/exec
Maine,Insurance Bulletin,https://www.maine.gov/pfr/insurance/sites/maine.gov.pfr.insurance/files/inline-files/486.pdf,Coverage Requirement,Insurance Bulletin,COVID-19,Y,09/12/2025,,"Requires health insurance carriers to cover immunizations, including COVID-19 vaccines, when recommended by specified medical academies or otherwise required under Maine law, and to cover mandated COVID-19 vaccines and their administration without cost sharing or prior authorization",,TRUE,06/03/2026,2026,https://script.google.com/macros/s/AKfycbxpQ_nuXzoO9RcrPjc0GLdmhj7VVpuyyShe5YnC9Zdh29Z6m64w-_GApGp_CGOZHtxZ7g/exec
Maine,LD 174,https://www.billtrack50.com/billdetail/1778891,Exemption Restriction,Legislative,Childhood Vaccines,N,Not Passed,,"Maine eliminated religious and philosophical exemptions in 2019 (effective 2021), with existing exemptions grandfathered in until September 1, 2021. LD 174 (2025) proposed reinstating religious exemptions for school vaccines but did not pass.",,FALSE,06/03/2026,2026,https://script.google.com/macros/s/AKfycbxpQ_nuXzoO9RcrPjc0GLdmhj7VVpuyyShe5YnC9Zdh29Z6m64w-_GApGp_CGOZHtxZ7g/exec
Maine,LD 93,https://www.mainelegislature.org/legis/bills/getPDF.asp?paper=HP0058&item=2&snum=132,"Decoupling / Reducing Reliance, Coverage Requirement",Legislation,All,Y,07/01/2025,,"Legislation expands the state’s Universal Childhood Immunization Program into a broader immunization program covering adults, updates how covered vaccines are selected and financed, and lets the Maine Vaccine Board procure and fund recommended vaccines for adults as well as children",,TRUE,06/03/2026,2026,https://script.google.com/macros/s/AKfycbxpQ_nuXzoO9RcrPjc0GLdmhj7VVpuyyShe5YnC9Zdh29Z6m64w-_GApGp_CGOZHtxZ7g/exec
Maine,LD 2071,https://legiscan.com/ME/bill/LD2071/2025,"Coverage Requirement, Scope of Authority",Legislation,All,Y,04/07/2026,,"Legislation expands pharmacist authority to prescribe, dispense, and administer FDA-approved vaccines and requires insurance coverage",,TRUE,06/03/2026,2026,https://script.google.com/macros/s/AKfycbxpQ_nuXzoO9RcrPjc0GLdmhj7VVpuyyShe5YnC9Zdh29Z6m64w-_GApGp_CGOZHtxZ7g/exec
Maine,LD 2146,,Decoupling / Reducing Reliance,Legislation,All,Y,04/07/2026,,"Legislation requires the Maine Vaccine Board to consider vaccines recommended by the Northeast Public Health Collaborative when setting the Universal Immunization Program vaccine list, allows the board to request state funding if federal VFC funding is insufficient for certain vaccines, and provides liability protection for pharmacists administering vaccines under state or regional guidelines.",,TRUE,06/03/2026,2026,https://script.google.com/macros/s/AKfycbxpQ_nuXzoO9RcrPjc0GLdmhj7VVpuyyShe5YnC9Zdh29Z6m64w-_GApGp_CGOZHtxZ7g/exec
Maryland,HB 974,https://mgaleg.maryland.gov/mgawebsite/Legislation/Details/hb0974?ys=2025RS,Coverage Requirement,Legislation,All,Y,06/01/2025,,"Updates insurance mandates (incl. state-regulated plans and Medicaid) to require no-cost-sharing coverage immunizations recommended by ACIP as of December 31, 2024",,TRUE,06/03/2026,2026,https://script.google.com/macros/s/AKfycbxpQ_nuXzoO9RcrPjc0GLdmhj7VVpuyyShe5YnC9Zdh29Z6m64w-_GApGp_CGOZHtxZ7g/exec
Maryland,HB 1315,https://mgaleg.maryland.gov/mgawebsite/Legislation/Details/HB1315?ys=2025RS,Scope of Authority,Legislation,All,Y,06/01/2025,,"Altering the vaccines a pharmacist may administer to include ACIP recommendations as of December 31, 2024 or any new vaccines recommended since then.",,TRUE,06/03/2026,2026,https://script.google.com/macros/s/AKfycbxpQ_nuXzoO9RcrPjc0GLdmhj7VVpuyyShe5YnC9Zdh29Z6m64w-_GApGp_CGOZHtxZ7g/exec
Maryland,Standing Order,https://health.maryland.gov/mbon/Documents/MDH-Standing-Order-2025-2026-COVID-Vaccine.pdf,Decoupling / Reducing Reliance,Standing Order,COVID-19,Y,09/19/2025,09/18/2026,"Standing Order authorizing qualified health care professionals to assess eligibility for and administer age-appropriate COVID-19 vaccines under a statewide protocol based on AAP, ACOG, and AAFP guidance without a patient-specific order",,TRUE,06/03/2026,2026,https://script.google.com/macros/s/AKfycbxpQ_nuXzoO9RcrPjc0GLdmhj7VVpuyyShe5YnC9Zdh29Z6m64w-_GApGp_CGOZHtxZ7g/exec
Maryland,Vaccine Guidance,https://health.maryland.gov/phpa/OIDEOR/IMMUN/Pages/FAQs.aspx,Decoupling / Reducing Reliance,Webpage Update,Childhood Vaccines,Y,02/06/2026,,Website update stating that Maryland recommends AAP's childhood vaccine schedule,,TRUE,06/03/2026,2026,https://script.google.com/macros/s/AKfycbxpQ_nuXzoO9RcrPjc0GLdmhj7VVpuyyShe5YnC9Zdh29Z6m64w-_GApGp_CGOZHtxZ7g/exec
Maryland,Vaccine Guidance,https://health.maryland.gov/phpa/OIDEOR/IMMUN/Shared%20Documents/MDH%20HBV%20Vaccine%20Clinician%20Letter%20Dec%205.pdf,Decoupling / Reducing Reliance,Advisory,Hep B,Y,12/05/2026,,"Clinician letter advising providers to continue administering hepatitis B vaccine according to the standard of care, including recommendations from professional medical organizations such as AAP, AAFP, ACOG, and ACP, even if federal advisory recommendations change.",,TRUE,06/03/2026,2026,https://script.google.com/macros/s/AKfycbxpQ_nuXzoO9RcrPjc0GLdmhj7VVpuyyShe5YnC9Zdh29Z6m64w-_GApGp_CGOZHtxZ7g/exec
Maryland,HB 637,https://mgaleg.maryland.gov/2026RS/bills/hb/hb0637T.pdf,Coverage Requirement,Legislation,All,Y,07/01/2026,,"HB 637 requires the Maryland Secretary of Health to base recommendations for vaccines, screenings, and preventative services. It also retracted outdated language about the pertussis vaccine. Lastly, it expands scope of authority for pharmacists on certain vaccines they may administer, expanding access to preventative care.",,TRUE,06/03/2026,2026,https://script.google.com/macros/s/AKfycbxpQ_nuXzoO9RcrPjc0GLdmhj7VVpuyyShe5YnC9Zdh29Z6m64w-_GApGp_CGOZHtxZ7g/exec
Maryland,SB 385,https://mgaleg.maryland.gov/mgawebsite/Legislation/Details/SB0385?ys=2026RS,"Decoupling / Reducing Reliance, Coverage Requirement",Legislation,All,Y,04/14/2026,,"SB 385 would require the Maryland Secretary of Health to issue state recommendations for immunizations, screenings, and preventive services, align pharmacist vaccine authority with those recommendations, and update required health insurance coverage to reflect those standards",,TRUE,06/03/2026,2026,https://script.google.com/macros/s/AKfycbxpQ_nuXzoO9RcrPjc0GLdmhj7VVpuyyShe5YnC9Zdh29Z6m64w-_GApGp_CGOZHtxZ7g/exec
Massachusetts,Standing Order,https://www.mass.gov/news/standing-order-for-dispensing-and-administration-of-covid-19-vaccine-2025-2026,Decoupling / Reducing Reliance,Standing Order,COVID-19,Y,09/12/2025,,Standing Order authorizes qualified pharmacy personnel at Massachusetts pharmacies to dispense and administer COVID-19 vaccine to eligible persons under a statewide protocol,,TRUE,06/03/2026,2026,https://script.google.com/macros/s/AKfycbxpQ_nuXzoO9RcrPjc0GLdmhj7VVpuyyShe5YnC9Zdh29Z6m64w-_GApGp_CGOZHtxZ7g/exec
Massachusetts,Insurance Bulletin,https://www.mass.gov/doc/coverage-for-vaccines-bulletin/download,"Decoupling / Reducing Reliance, Coverage Requirement",Insurance Bulletin,All,Y,09/03/2026,,"Bulletin provides guidance that state-regulated insurers must continue covering recommended vaccines, including COVID-19 vaccines, consistent with state-directed vaccine policy",,TRUE,06/03/2026,2026,https://script.google.com/macros/s/AKfycbxpQ_nuXzoO9RcrPjc0GLdmhj7VVpuyyShe5YnC9Zdh29Z6m64w-_GApGp_CGOZHtxZ7g/exec
Massachusetts,H 2554,https://malegislature.gov/Bills/194/H2554,Exemption Restriction,Legislation,Childhood Vaccines,N,Pending,,H 2554. No. A bill has been proposed where religious exemptions would be repealed and would not be allowed.,,FALSE,06/03/2026,2026,https://script.google.com/macros/s/AKfycbxpQ_nuXzoO9RcrPjc0GLdmhj7VVpuyyShe5YnC9Zdh29Z6m64w-_GApGp_CGOZHtxZ7g/exec
Massachusetts,H.4761,https://malegislature.gov/Bills/194/H4761,Decoupling / Reducing Reliance,Legislation,All,Y,11/25/2025,,"Legislation shifts state vaccine authority away from automatic dependence on ACIP by empowering the Commissioner of Public Health, with advice from a new immunization recommendations committee, to set alternative immunization standards needed to protect public health",,TRUE,06/03/2026,2026,https://script.google.com/macros/s/AKfycbxpQ_nuXzoO9RcrPjc0GLdmhj7VVpuyyShe5YnC9Zdh29Z6m64w-_GApGp_CGOZHtxZ7g/exec
Michigan,Executive Directive,https://www.michigan.gov/whitmer/news/state-orders-and-directives/2025/09/17/executive-directive-2025-7-ensuring-access-to-covid-19-vaccines,Decoupling / Reducing Reliance,Executive Directive,COVID-19,Y,09/17/2025,,"Directive orders state agencies to take coordinated action to keep COVID-19 vaccines available, support provider and pharmacist administration, remove access barriers, and maintain coverage under state-regulated health plans",,TRUE,06/03/2026,2026,https://script.google.com/macros/s/AKfycbxpQ_nuXzoO9RcrPjc0GLdmhj7VVpuyyShe5YnC9Zdh29Z6m64w-_GApGp_CGOZHtxZ7g/exec
Michigan,Standing Recommendation,https://www.michigan.gov/mdhhs/-/media/Project/Websites/mdhhs/CME-Standing-Recommendation-Regarding-2025-COVID-19-Vaccines-FINAL-436pm_09182025.pdf,Decoupling / Reducing Reliance,Standing Recommendation,COVID-19,Y,09/19/2025,,"Recommendation treats any person over age 6 months who has not received a 2025–2026 COVID-19 vaccine as having a qualifying high-risk condition, thereby supporting eligibility for an age-appropriate dose of the updated COVID-19 vaccine",,TRUE,06/03/2026,2026,https://script.google.com/macros/s/AKfycbxpQ_nuXzoO9RcrPjc0GLdmhj7VVpuyyShe5YnC9Zdh29Z6m64w-_GApGp_CGOZHtxZ7g/exec
Michigan,Insurance Bulletin,https://www.michigan.gov/difs/-/media/Project/Websites/difs/Bulletins/2025/Bulletin_2025-23-INS.pdf?rev=4fb94ad53a4e4747b08f21e309263870,"Coverage Requirement, Decoupling / Reducing Reliance",Insurance Bulletin,COVID-19,Y,10/16/2025,,"Bulletin advises that insurers in the individual and small group markets must continue covering COVID-19 vaccination without cost sharing and notes that even if ACIP changes its recommendation, any resulting coverage change would not take effect until the applicable future plan year under state law",,TRUE,06/03/2026,2026,https://script.google.com/macros/s/AKfycbxpQ_nuXzoO9RcrPjc0GLdmhj7VVpuyyShe5YnC9Zdh29Z6m64w-_GApGp_CGOZHtxZ7g/exec
Michigan,Statement,https://www.michigan.gov/mdhhs/inside-mdhhs/newsroom/2026/01/06/vaccines-state,Decoupling / Reducing Reliance,Statement,Childhood Vaccines,Y,01/06/2026,,Statement says the state will continue backing the full AAP and AAFP childhood immunization schedules despite federal changes to the CDC childhood schedule and says families should still be able to access those vaccines,,TRUE,06/03/2026,2026,https://script.google.com/macros/s/AKfycbxpQ_nuXzoO9RcrPjc0GLdmhj7VVpuyyShe5YnC9Zdh29Z6m64w-_GApGp_CGOZHtxZ7g/exec
Minnesota,Executive Order,https://mn.gov/governor/assets/Executive%20Order%2025-09_tcm1055-704329.pdf,"Decoupling / Reducing Reliance, Coverage Requirement",Executive Order,COVID-19,Y,09/23/2025,,"Order directs state agencies to preserve vaccine access, reduce coverage and administration barriers, and develop state guidance, including a COVID-19 standing order or protocol, so Minnesotans can continue receiving vaccines despite federal changes",,TRUE,06/03/2026,2026,https://script.google.com/macros/s/AKfycbxpQ_nuXzoO9RcrPjc0GLdmhj7VVpuyyShe5YnC9Zdh29Z6m64w-_GApGp_CGOZHtxZ7g/exec
Minnesota,Standing Order,https://www.health.state.mn.us/people/immunize/hcp/cov12to64y25.pdf,Decoupling / Reducing Reliance,Standing Order,COVID-19,Y,09/22/2025,09/21/2026,"Standing Order authorizes licensed pharmacists and qualified delegated pharmacy personnel to assess eligibility for and administer age-appropriate 2025–2026 COVID-19 vaccines to people ages 12 through 64 under a non-patient-specific statewide protocol based on AAP, ACOG, AAFP, and IDSA recommendations",,TRUE,06/03/2026,2026,https://script.google.com/macros/s/AKfycbxpQ_nuXzoO9RcrPjc0GLdmhj7VVpuyyShe5YnC9Zdh29Z6m64w-_GApGp_CGOZHtxZ7g/exec
Minnesota,SF 3439,https://www.billtrack50.com/billdetail/1888392,Exemption Restriction,Legislative,MMR,N,Pending,,"In 2025, SF 3439 was introduced to eliminate the option of opting out of vaccine requirements for measles, mumps, and rubella.",,FALSE,06/03/2026,2026,https://script.google.com/macros/s/AKfycbxpQ_nuXzoO9RcrPjc0GLdmhj7VVpuyyShe5YnC9Zdh29Z6m64w-_GApGp_CGOZHtxZ7g/exec
Minnesota,Vaccine Guidance,https://www.health.state.mn.us/news/pressrel/2026/immuniz010826.html,Decoupling / Reducing Reliance,Statement,All,Y,01/08/2026,,"Press release announces Minnestota will now align all of its immunization guidance with professional medical association recommendations rather than CDC recommendations, using AAP for children/adolescents, AAFP for adults, and ACOG for pregnancy; it also says this extends Minnesota’s prior departure from CDC guidance on COVID-19 and hepatitis B to all vaccines",,TRUE,06/03/2026,2026,https://script.google.com/macros/s/AKfycbxpQ_nuXzoO9RcrPjc0GLdmhj7VVpuyyShe5YnC9Zdh29Z6m64w-_GApGp_CGOZHtxZ7g/exec
Mississippi,Vaccine Guidance,https://msdh.ms.gov/msdhsite/_static/resources/21461.pdf,Decoupling / Reducing Reliance,Health Alert,Hep B,Y,12/12/2025,,Mississippi State Dept of Health recommends universal Hep B birth dose and screening for mothers at birth,,TRUE,06/03/2026,2026,https://script.google.com/macros/s/AKfycbxpQ_nuXzoO9RcrPjc0GLdmhj7VVpuyyShe5YnC9Zdh29Z6m64w-_GApGp_CGOZHtxZ7g/exec
Missouri,HB 2454,https://documents.house.mo.gov/billtracking/bills261/hlrbillspdf/5591H.01I.pdf?qjb20z5quaf,Exemption Expansion,Legislation,All,N,Pending,,Would make it an unlawful discriminatory practice in employment and housing to treat someone differently because of that person’s private medical history or medical choices.,,FALSE,06/03/2026,2026,https://script.google.com/macros/s/AKfycbxpQ_nuXzoO9RcrPjc0GLdmhj7VVpuyyShe5YnC9Zdh29Z6m64w-_GApGp_CGOZHtxZ7g/exec
Nevada,SB 5,https://www.leg.state.nv.us/App/NELIS/REL/36th2025Special/Bill/12996/Overview,"Decoupling / Reducing Reliance, Scope of Authority",Legislation,All,Y,12/01/2025,,"Reduces reliance on future ACIP recommendations for pharmacist-administered vaccines by replacing automatic incorporation of future CDC/ACIP recommendations with the federal standards in effect on January 1, 2025, unless modified by Nevada's State Board of Health",,TRUE,06/03/2026,2026,https://script.google.com/macros/s/AKfycbxpQ_nuXzoO9RcrPjc0GLdmhj7VVpuyyShe5YnC9Zdh29Z6m64w-_GApGp_CGOZHtxZ7g/exec
New Hampshire,Vaccine Guidance,https://www.dhhs.nh.gov/sites/g/files/ehbemt476/files/documents2/han-respiratory-virus-immunization-update2025.pdf,Decoupling / Reducing Reliance,Health Alert,COVID-19,Y,09/05/2025,,Health Alert to providers stating that theyn should refer to medical professional societies like AAP and ACOG.,,TRUE,06/03/2026,2026,https://script.google.com/macros/s/AKfycbxpQ_nuXzoO9RcrPjc0GLdmhj7VVpuyyShe5YnC9Zdh29Z6m64w-_GApGp_CGOZHtxZ7g/exec
New Hampshire,Vaccine Guidance,https://www.dhhs.nh.gov/sites/g/files/ehbemt476/files/documents2/han-child-immunization-schedule.pdf,Decoupling / Reducing Reliance,Health Alert,Childhood Vaccines,Y,01/06/2026,,Health Alert tell providers to continue following AAP and AAFP schedules as the state’s evidence-based guidance for routine childhood vaccines,,TRUE,06/03/2026,2026,https://script.google.com/macros/s/AKfycbxpQ_nuXzoO9RcrPjc0GLdmhj7VVpuyyShe5YnC9Zdh29Z6m64w-_GApGp_CGOZHtxZ7g/exec
New Hampshire,HB 1811,https://legiscan.com/NH/text/HB1811/id/3292263,Exemption Expansion,Legislation,All,N,Dead,,"Voted down 2/19/2026. Would prohibit schools, businesses, government entities, and other organizations from requiring or discriminating based on a person’s receipt of a medical intervention, including vaccines as part of that broader category",,FALSE,06/03/2026,2026,https://script.google.com/macros/s/AKfycbxpQ_nuXzoO9RcrPjc0GLdmhj7VVpuyyShe5YnC9Zdh29Z6m64w-_GApGp_CGOZHtxZ7g/exec
New Hampshire,HB 1022,https://legiscan.com/NH/text/HB1022/id/3284448,Exemption Expansion,Legislation,Childhood Vaccines,N,Pending,,"HB 1022 allows parents and guardians to sign an attestation rather than a standarized form, allowing parents to opt out of required school vaccines based on religious beliefs.",,FALSE,06/03/2026,2026,https://script.google.com/macros/s/AKfycbxpQ_nuXzoO9RcrPjc0GLdmhj7VVpuyyShe5YnC9Zdh29Z6m64w-_GApGp_CGOZHtxZ7g/exec
New Hampshire,HB 1719,https://legiscan.com/NH/bill/HB1719/2026,Exemption Expansion,Legislation,Hep B,N,Pending,,Would remove hepatitis B from the list of diseases for which immunization is required under state law,,FALSE,06/03/2026,2026,https://script.google.com/macros/s/AKfycbxpQ_nuXzoO9RcrPjc0GLdmhj7VVpuyyShe5YnC9Zdh29Z6m64w-_GApGp_CGOZHtxZ7g/exec
New Jersey,Executive Directive,https://nj.gov/health/assets/documents/ed-covid-vaccine-access.pdf,Decoupling / Reducing Reliance,Executive Directive,COVID-19,Y,09/08/2025,,"Directive mandates the Department of Health to preserve access to 2025–2026 COVID-19 vaccines by continuing to recommend vaccination, removing affordability and access barriers, and issuing a standing order so pharmacy personnel can administer authorized COVID-19 vaccines to eligible patients w/o prescription",,TRUE,06/03/2026,2026,https://script.google.com/macros/s/AKfycbxpQ_nuXzoO9RcrPjc0GLdmhj7VVpuyyShe5YnC9Zdh29Z6m64w-_GApGp_CGOZHtxZ7g/exec
New Jersey,Standing Order,https://nj.gov/health/assets/documents/covid-vaccine-standing-order.pdf,"Decoupling / Reducing Reliance, Scope of Authority",Standing Order,COVID-19,Y,09/08/2025,,"Standing Order authorizes pharmacists and certain supervised pharmacy personnel to administer age-appropriate 2025–2026 FDA-approved COVID-19 vaccines to eligible patients in New Jersey under a non-patient-specific statewide order based on AAP, ACOG, and AAFP recommendations",,TRUE,06/03/2026,2026,https://script.google.com/macros/s/AKfycbxpQ_nuXzoO9RcrPjc0GLdmhj7VVpuyyShe5YnC9Zdh29Z6m64w-_GApGp_CGOZHtxZ7g/exec
New Jersey,Insurance Bulletin,https://www.nj.gov/dobi/bulletins/blt25_07.pdf,Coverage Requirement,Insurance Bulletin,COVID-19,Y,09/11/2025,,"New Jersey carriers are expected to continue covering COVID-19 vaccines and their administration without cost sharing, references DOH guidance recommending vaccination for people 6 months and older, and points to the DOH standing order authorizing pharmacy personnel to administer age-appropriate FDA-approved COVID-19 vaccines to eligible individuals",,TRUE,06/03/2026,2026,https://script.google.com/macros/s/AKfycbxpQ_nuXzoO9RcrPjc0GLdmhj7VVpuyyShe5YnC9Zdh29Z6m64w-_GApGp_CGOZHtxZ7g/exec
New Jersey,Executive Directive,https://www.nj.gov/health/documents/Executive_Directive_25-005-Hepatitis_B_Vaccine.pdf,Decoupling / Reducing Reliance,Executive Directive,Hep B,Y,12/05/2025,,"Directs health care providers to continue following AAP guidance by giving all newborns a hepatitis B vaccine dose within 24 hours of birth, requiring faster vaccination for higher-risk infants, ensuring children complete the full series, and rejecting ACIP’s December 2025 shift toward shared clinical decision-making for some newborns",,TRUE,06/03/2026,2026,https://script.google.com/macros/s/AKfycbxpQ_nuXzoO9RcrPjc0GLdmhj7VVpuyyShe5YnC9Zdh29Z6m64w-_GApGp_CGOZHtxZ7g/exec
New Jersey,Statement,https://www.nj.gov/health/news/2026/approved/20260112a.shtml,Decoupling / Reducing Reliance,Statement,Childhood Vaccines,Y,01/12/2026,,Northeast Public Health Collaborative continues to recommend the American Academy of Pediatrics’ child and adolescent immunization schedule in response to recent federal changes to childhood vaccine guidance,,TRUE,06/03/2026,2026,https://script.google.com/macros/s/AKfycbxpQ_nuXzoO9RcrPjc0GLdmhj7VVpuyyShe5YnC9Zdh29Z6m64w-_GApGp_CGOZHtxZ7g/exec
New Jersey,S4894,https://pub.njleg.state.nj.us/Bills/2024/S5000/4894_U1.PDF,Decoupling / Reducing Reliance,Legislation,All,Y,01/20/2026,,"Legislation makes the New Jersey Department of Health, rather than ACIP alone, the state’s primary source for immunization recommendations across insurance coverage, Medicaid, public employee health plans, and other vaccine-related statutes, while requiring DOH to consider federal and major medical society guidance",,TRUE,06/03/2026,2026,https://script.google.com/macros/s/AKfycbxpQ_nuXzoO9RcrPjc0GLdmhj7VVpuyyShe5YnC9Zdh29Z6m64w-_GApGp_CGOZHtxZ7g/exec
New Jersey,S69,https://pub.njleg.state.nj.us/Bills/2026/S0500/69_I1.PDF?x7d4ottyvrm,Exemption Expansion,Legislation,COVID-19,N,Pending,,"Would prohibit discrimination against people who have not received a COVID-19 vaccine by banning COVID-19 vaccine inquiries, mandates, and proof-of-vaccination requirements across employment, education, health care, business, travel, and other settings",,FALSE,06/03/2026,2026,https://script.google.com/macros/s/AKfycbxpQ_nuXzoO9RcrPjc0GLdmhj7VVpuyyShe5YnC9Zdh29Z6m64w-_GApGp_CGOZHtxZ7g/exec
New Jersey,S1149,https://legiscan.com/NJ/bill/S1149/2026,Exemption Expansion,Legislation,COVID-19,N,Pending,,Would prohibit public K-12 schools from requiring students to receive a COVID-19 vaccine as a condition of attendance,,FALSE,06/03/2026,2026,https://script.google.com/macros/s/AKfycbxpQ_nuXzoO9RcrPjc0GLdmhj7VVpuyyShe5YnC9Zdh29Z6m64w-_GApGp_CGOZHtxZ7g/exec
New Mexico,Public Health Order,https://cv.nmhealth.org/wp-content/uploads/2025/08/PublicHealthOrderCOVID19Vaccine-20250830.pdf,Decoupling / Reducing Reliance,Public Health Order,COVID-19,Y,08/29/2025,08/29/2026,"Directs the Department of Health to work with the Board of Pharmacy and other agencies to remove access barriers, expand pharmacy access, and issue public guidance for the 2025–2026 COVID-19 vaccine season",,TRUE,06/03/2026,2026,https://script.google.com/macros/s/AKfycbxpQ_nuXzoO9RcrPjc0GLdmhj7VVpuyyShe5YnC9Zdh29Z6m64w-_GApGp_CGOZHtxZ7g/exec
New Mexico,Pharmacy Board Directive,https://www.rld.nm.gov/wp-content/uploads/2025/09/Protocol-for-Pharmacist-Prescribing-of-Vaccines.pdf,Decoupling / Reducing Reliance,Pharmacy Board DIrective,All,Y,09/01/2026,,"Authorizes pharmacists exercising prescriptive authority to prescribe and administer a broad range of vaccines using current evidence-based recommendations from ACIP, AAP, AAFP, ACOG, VIP, or the New Mexico Department of Health",,TRUE,06/03/2026,2026,https://script.google.com/macros/s/AKfycbxpQ_nuXzoO9RcrPjc0GLdmhj7VVpuyyShe5YnC9Zdh29Z6m64w-_GApGp_CGOZHtxZ7g/exec
New Mexico,Vaccine Guidance,https://cv.nmhealth.org/wp-content/uploads/2025/09/COVID-19-VACCINE-GUIDANCE_09042025_finalv2.pdf,Decoupling / Reducing Reliance,Vaccine Guidance,All,Y,09/04/2025,,"Recommends broad access to 2025–2026 COVID-19 vaccines and tells providers to follow the AAP for pediatric vaccination, the ACOG for pregnant and recently pregnant people, and NMDOH’s own risk-based recommendations for adults",,TRUE,06/03/2026,2026,https://script.google.com/macros/s/AKfycbxpQ_nuXzoO9RcrPjc0GLdmhj7VVpuyyShe5YnC9Zdh29Z6m64w-_GApGp_CGOZHtxZ7g/exec
New Mexico,Insurance Bulletin,https://www.osi.state.nm.us/en/news/bulletin-2025-009/,Coverage Requirement,Insurance Bulletin,All,Y,09/17/2025,,"Directs carriers to continue covering immunizations during the 2025 and 2026 plan years based on the ACIP recommendations in place when rates were filed and approved, with any ACIP-driven coverage changes deferred until the 2027 plan year",,TRUE,06/03/2026,2026,https://script.google.com/macros/s/AKfycbxpQ_nuXzoO9RcrPjc0GLdmhj7VVpuyyShe5YnC9Zdh29Z6m64w-_GApGp_CGOZHtxZ7g/exec
New Mexico,SB 3,https://www.nmlegis.gov/Sessions/25%20Special/final/SB0003.pdf,"Decoupling / Reducing Reliance, Coverage Requirement",Legislation,All,Y,10/08/2025,,"Legislation shifts key vaccine authority toward the state by requiring the Department of Health to issue immunization recommendations for children and adults using guidance from ACIP, AAP, AAFP, ACOG, ACP, while also preserving school immunization requirements, strengthening the statewide childhood vaccine purchasing program, and requiring state-regulated plans to cover NMDOH-recommended immunizations without cost sharing",,TRUE,06/03/2026,2026,https://script.google.com/macros/s/AKfycbxpQ_nuXzoO9RcrPjc0GLdmhj7VVpuyyShe5YnC9Zdh29Z6m64w-_GApGp_CGOZHtxZ7g/exec
New Mexico,Statement,https://www.nmhealth.org/news/awareness/2026/1/?view=2309,Decoupling / Reducing Reliance,Statement,All,Y,01/07/2026,,Governor and NMDOH statement advising the New Mexico will maintain vaccine schedule in the face of federal changes.,,TRUE,06/03/2026,2026,https://script.google.com/macros/s/AKfycbxpQ_nuXzoO9RcrPjc0GLdmhj7VVpuyyShe5YnC9Zdh29Z6m64w-_GApGp_CGOZHtxZ7g/exec
New York,Executive Order,https://www.governor.ny.gov/executive-order/no-52-declaring-disaster-state-new-york-due-federal-actions-related-vaccine-access,Decoupling / Reducing Reliance,Executive Order,All,Y,09/05/2025,04/19/2026,"Declares a disaster emergency in response to federal actions threatening vaccine access and temporarily authorizes the state to take emergency steps to preserve vaccine availability, distribution, administration, and coverage",,TRUE,06/03/2026,2026,https://script.google.com/macros/s/AKfycbxpQ_nuXzoO9RcrPjc0GLdmhj7VVpuyyShe5YnC9Zdh29Z6m64w-_GApGp_CGOZHtxZ7g/exec
New York,Insurance Bulletin,https://www.dfs.ny.gov/industry-guidance/circular-letters/cl2025-05,Coverage Requirement,Insurance Bulletin,All,Y,09/10/2025,,"Reminds state-regulated insurers that they must continue covering in-network immunizations and their administration without cost sharing under New York law, including continued no-cost coverage of COVID-19 immunizations for children through age 19, and strongly encourages continued coverage of all immunizations recommended by ACIP as of September 10, 2025 even if ACIP later removes them",,TRUE,06/03/2026,2026,https://script.google.com/macros/s/AKfycbxpQ_nuXzoO9RcrPjc0GLdmhj7VVpuyyShe5YnC9Zdh29Z6m64w-_GApGp_CGOZHtxZ7g/exec
New York,Vaccine Guidance,https://www.health.ny.gov/press/releases/2026/2026-01-12_pediatrics_vaccine_schedule.htm,Decoupling / Reducing Reliance,Statement,Childhood Vaccines,Y,01/12/2026,,Northeast Public Health Collaborative continues to recommend the American Academy of Pediatrics’ child and adolescent immunization schedule in response to recent federal changes to childhood vaccine guidance,,TRUE,06/03/2026,2026,https://script.google.com/macros/s/AKfycbxpQ_nuXzoO9RcrPjc0GLdmhj7VVpuyyShe5YnC9Zdh29Z6m64w-_GApGp_CGOZHtxZ7g/exec
New York,A9648,https://www.nysenate.gov/legislation/bills/2025/A9648,Decoupling / Reducing Reliance,Legislation,Childhood Vaccines,N,Pending,,"Bill would require children’s vaccine and immunization standards to be set by regulations issued by the commissioner using generally accepted medical standards and recommendations from AAP, AAFP, ACOG, ACP, ACIP, or similar recognized scientific organizations",,FALSE,06/03/2026,2026,https://script.google.com/macros/s/AKfycbxpQ_nuXzoO9RcrPjc0GLdmhj7VVpuyyShe5YnC9Zdh29Z6m64w-_GApGp_CGOZHtxZ7g/exec
New York,A1358,https://www.nysenate.gov/legislation/bills/2025/A1358,Exemption Expansion,Legislation,Childhood Vaccines,N,Pending,,"Restores a religious exemption from school vaccination requirements, affecting immunizations required under state law for diseases including polio, measles, mumps, rubella, varicella, hepatitis B, pertussis, tetanus, Hib, meningococcal disease, and pneumococcal disease",,FALSE,06/03/2026,2026,https://script.google.com/macros/s/AKfycbxpQ_nuXzoO9RcrPjc0GLdmhj7VVpuyyShe5YnC9Zdh29Z6m64w-_GApGp_CGOZHtxZ7g/exec
New York,A10711,https://legiscan.com/NY/bill/A10711/2025,"Decoupling / Reducing Reliance, Scope of Authority",Legislation,Childhood Vaccines,N,Pending,,"Requires administration of certain vaccines for children in accordance with regulations issued by the commissioner, based on recommendations of AAP, AAFP, ACOG, the American College of Physicians, ACIP, and/or other similar nationally or internationally recognized scientific organizations; removes certain requirements for vaccines to be administered under federal guidance.",,FALSE,06/03/2026,2026,https://script.google.com/macros/s/AKfycbxpQ_nuXzoO9RcrPjc0GLdmhj7VVpuyyShe5YnC9Zdh29Z6m64w-_GApGp_CGOZHtxZ7g/exec
North Carolina,Standing Order,https://www.dph.ncdhhs.gov/media/4680/open,Decoupling / Reducing Reliance,Standing Order,COVID-19,Y,09/12/2025,10/13/2025,"RESCINDED. Originally directed North Carolina’s State Health Director to issue a statewide standing order to facilitate access to FDA-approved COVID-19 vaccines, notwithstanding any contrary ACIP action, so long as the order remains consistent with FDA approvals and the PREP Act",,TRUE,06/03/2026,2026,https://script.google.com/macros/s/AKfycbxpQ_nuXzoO9RcrPjc0GLdmhj7VVpuyyShe5YnC9Zdh29Z6m64w-_GApGp_CGOZHtxZ7g/exec
North Carolina,Vaccine Guidance,https://www.ncdhhs.gov/blog/2026/01/08/ncdhhs-hosts-media-availability-discuss-importance-vaccines-and-address-recent-public-health,Decoupling / Reducing Reliance,Statement,Childhood Vaccines,Y,01/08/2026,,Announces that the state does not expect to change its childhood immunization clinical guidance despite revised CDC schedules and notes that evidence-based recommendations from the AAP remain unchanged while previously recommended vaccines stay accessible and covered,,TRUE,06/03/2026,2026,https://script.google.com/macros/s/AKfycbxpQ_nuXzoO9RcrPjc0GLdmhj7VVpuyyShe5YnC9Zdh29Z6m64w-_GApGp_CGOZHtxZ7g/exec
Oklahoma,EO 2026-06,https://www.sos.ok.gov/documents/executive/2167.pdf,Exemption Expansion,Executive Order,All,Y,01/30/2026,,"Directs major state health and human services agencies to comprehensively review and revise policies related to medical freedom, informed consent, and parental rights, including vaccine-related practices, in light of the administration’s concerns about COVID-19 mandates and the federal childhood immunization schedule",,TRUE,06/03/2026,2026,https://script.google.com/macros/s/AKfycbxpQ_nuXzoO9RcrPjc0GLdmhj7VVpuyyShe5YnC9Zdh29Z6m64w-_GApGp_CGOZHtxZ7g/exec
Oklahoma,SB 1560,https://www.oklegislature.gov/cf_pdf/2025-26%20INT/SB/SB1560%20INT.PDF?6i58picsgpx,Exemption Expansion,Legislation,All,N,Pending,,"Oklahoma's Medical Freedom Act would bar businesses, schools, ticket issuers, and public entities from discriminating against people based on whether they have received or used a medical intervention, including vaccines as part of that broader category",,FALSE,06/03/2026,2026,https://script.google.com/macros/s/AKfycbxpQ_nuXzoO9RcrPjc0GLdmhj7VVpuyyShe5YnC9Zdh29Z6m64w-_GApGp_CGOZHtxZ7g/exec
Oregon,Vaccine Guidance,https://apps.oregon.gov/oregon-newsroom/OR/GOV/Posts/Post/governor-kotek-makes-access-to-safe-effective-vaccines-possible-in-oregon-ahead-of-respiratory-virus-season,Decoupling / Reducing Reliance,Statement,COVID-19,Y,09/17/2025,,"Announced adoption of the West Coast Health Alliance respiratory vaccine recommendations to preserve access to COVID-19, influenza, and RSV vaccines, maintain pharmacy and provider administration authority, and ensure coverage continuity ahead of respiratory virus season",,TRUE,06/03/2026,2026,https://script.google.com/macros/s/AKfycbxpQ_nuXzoO9RcrPjc0GLdmhj7VVpuyyShe5YnC9Zdh29Z6m64w-_GApGp_CGOZHtxZ7g/exec
Oregon,Insurance Bulletin,https://dfr.oregon.gov/laws-rules/Documents/Bulletins/bulletin2025-06.pdf,Coverage Requirement,Insurance Bulletin,COVID-19,Y,09/17/2025,,"Directs all Oregon health benefit plans to continue covering FDA-approved COVID-19 vaccines and their administration without cost sharing or network restrictions, consistent with prior state requirements and the state’s broader vaccine-access approach",,TRUE,06/03/2026,2026,https://script.google.com/macros/s/AKfycbxpQ_nuXzoO9RcrPjc0GLdmhj7VVpuyyShe5YnC9Zdh29Z6m64w-_GApGp_CGOZHtxZ7g/exec
Oregon,Vaccine Guidance,https://www.cdph.ca.gov/Programs/OPA/Pages/NR26-001.aspx,Decoupling / Reducing Reliance,Statement,Childhood Vaccines,Y,01/05/2026,,Announces the West Coast Health Alliance will continue recommending AAP child and adolescent immunization schedule despite recent federal changes to childhood vaccine guidance,,TRUE,06/03/2026,2026,https://script.google.com/macros/s/AKfycbxpQ_nuXzoO9RcrPjc0GLdmhj7VVpuyyShe5YnC9Zdh29Z6m64w-_GApGp_CGOZHtxZ7g/exec
Pennsylvania,Executive Order,https://www.pa.gov/content/dam/copapwp-pagov/en/governor/documents/Executive%20Order%202025%2002%20Governor%20Shapiro%20Vaccines%20Access.pdf,Decoupling / Reducing Reliance,Executive Order,COVID-19,Y,10/01/2025,,"Directs state agencies to preserve access to vaccines and align state guidance, Medicaid, insurance coverage, and school-related vaccine policy with evidence-based recommendations from AAP, AAFP, and ACOG",,TRUE,06/03/2026,2026,https://script.google.com/macros/s/AKfycbxpQ_nuXzoO9RcrPjc0GLdmhj7VVpuyyShe5YnC9Zdh29Z6m64w-_GApGp_CGOZHtxZ7g/exec
Pennsylvania,Pharmacy Board Directive,https://www.pa.gov/agencies/dos/department-and-offices/bpoa/boards-commissions/pharmacy,"Scope of Authority, Decoupling / Reducing Reliance",Pharmacy Board Directive,COVID-19,Y,09/05/2025,,"Approved ACOG, AAP, and AAFP as competent authorities for pharmacist-administered immunizations, and approved the FDA as a competent authority for COVID-19 immunizations, allowing pharmacists and pharmacy interns to continue vaccinating under those guidelines in addition to ACIP",,TRUE,06/03/2026,2026,https://script.google.com/macros/s/AKfycbxpQ_nuXzoO9RcrPjc0GLdmhj7VVpuyyShe5YnC9Zdh29Z6m64w-_GApGp_CGOZHtxZ7g/exec
Pennsylvania,Insurance Bulletin,https://www.pacodeandbulletin.gov/Display/pabull?file=/secure/pabulletin/data/vol55/55-42/1425.html,Coverage Requirement,Insurance Bulletin,COVID-19,Y,10/18/2025,,"Directs insurers to continue covering, without cost sharing or other barriers, the vaccines promised in policies approved for sale through 2026, including vaccines administered under guidance from ACIP, ACOG, AAP, AAFP, and, for COVID-19 immunizations, the FDA",,TRUE,06/03/2026,2026,https://script.google.com/macros/s/AKfycbxpQ_nuXzoO9RcrPjc0GLdmhj7VVpuyyShe5YnC9Zdh29Z6m64w-_GApGp_CGOZHtxZ7g/exec
Pennsylvania,HB 1828,https://www.palegis.us/legislation/bills/2025/hb1828,Decoupling / Reducing Reliance,Legislation,All,N,Pending,,"Would require non-grandfathered health plans to cover, without cost sharing, immunizations covered in Pennsylvania as of January 1, 2025, while allowing the state to add or remove covered immunizations based on evidence and reports from AAP, ACOG, ACP, AAFP, the IDSA, and the SMFM.",,FALSE,06/03/2026,2026,https://script.google.com/macros/s/AKfycbxpQ_nuXzoO9RcrPjc0GLdmhj7VVpuyyShe5YnC9Zdh29Z6m64w-_GApGp_CGOZHtxZ7g/exec
Pennsylvania,Vaccine Guidance,https://www.pa.gov/agencies/health/newsroom/federal-changes-do-not-impact-vaccine-access--recommendations,Decoupling / Reducing Reliance,Statement,Childhood Vaccines,Y,01/08/2026,,States that federal changes do not alter Pennsylvania children’s vaccine access or recommendations and that the state will continue following AAP immunization schedule for children,,TRUE,06/03/2026,2026,https://script.google.com/macros/s/AKfycbxpQ_nuXzoO9RcrPjc0GLdmhj7VVpuyyShe5YnC9Zdh29Z6m64w-_GApGp_CGOZHtxZ7g/exec
Rhode Island,Standing Order,https://health.ri.gov/sites/g/files/xkgbur1006/files/2025-09/RIDOH-Pharmacy-Standing-Order-Covid-19.pdf,Decoupling / Reducing Reliance,Standing Order,COVID-19,Y,09/12/2025,,"Authorizes pharmacists to adminsiter COVID-19 vaccines off-label consistent with AAP, AAFP, ACOG, and ACP.",,TRUE,06/03/2026,2026,https://script.google.com/macros/s/AKfycbxpQ_nuXzoO9RcrPjc0GLdmhj7VVpuyyShe5YnC9Zdh29Z6m64w-_GApGp_CGOZHtxZ7g/exec
Rhode Island,Insurance Bulletin,https://ohic.ri.gov/sites/g/files/xkgbur736/files/2025-09/OHIC%20RIDOH%20COVID19%20VACCINATION%20BULLETIN%209.12.2025.pdf,Coverage Requirement,Insurance Bulletin,COVID-19,Y,09/12/2025,,"Directs Rhode Island-licensed health care entities to cover 2025–2026 COVID-19 vaccines and their administration without cost sharing in accordance with RIDOH guidance and recommendations from AAP, AAFP, ACOG, and ACP",,TRUE,06/03/2026,2026,https://script.google.com/macros/s/AKfycbxpQ_nuXzoO9RcrPjc0GLdmhj7VVpuyyShe5YnC9Zdh29Z6m64w-_GApGp_CGOZHtxZ7g/exec
Rhode Island,Vaccine Guidance,https://us2.campaign-archive.com/?u=ece9b1661b3bf3b864a6894d1&id=ef27378638,Decoupling / Reducing Reliance,Health Alert,Hep B,Y,12/11/2025,,"Advises clinicians to continue giving all newborns a hepatitis B vaccine birth dose within 24 hours and to complete the pediatric series in line with AAP schedule, while also referencing prenatal hepatitis B screening recommendations from ACOG",,TRUE,06/03/2026,2026,https://script.google.com/macros/s/AKfycbxpQ_nuXzoO9RcrPjc0GLdmhj7VVpuyyShe5YnC9Zdh29Z6m64w-_GApGp_CGOZHtxZ7g/exec
Rhode Island,Vaccine Guidance,https://www.ri.gov/press/view/50302,Decoupling / Reducing Reliance,Statement,Childhood Vaccines,Y,01/12/2026,,Northeast Public Health Collaborative continues to recommend the American Academy of Pediatrics’ child and adolescent immunization schedule in response to recent federal changes to childhood vaccine guidance,,TRUE,06/03/2026,2026,https://script.google.com/macros/s/AKfycbxpQ_nuXzoO9RcrPjc0GLdmhj7VVpuyyShe5YnC9Zdh29Z6m64w-_GApGp_CGOZHtxZ7g/exec
South Carolina,S0897,https://legiscan.com/SC/bill/S0897/2025,Exemption Restriction,Legislative,MMR,N,Pending,,The state of South Carolina has introducted a senate bill to remove religious exemption for the MMR vaccine.,,FALSE,06/03/2026,2026,https://script.google.com/macros/s/AKfycbxpQ_nuXzoO9RcrPjc0GLdmhj7VVpuyyShe5YnC9Zdh29Z6m64w-_GApGp_CGOZHtxZ7g/exec
South Carolina,Pharmacist Vaccine Protocol,https://llr.sc.gov/bop/PFORMS/PROTOCOL%20FOR%20ADMINISTRATION%20OF%20VACCINES%20BY%20PHARMACISTS_Sept%2017%202025.pdf,Scope of Authority,Vaccine Administration Protocol,All,Y,09/17/2025,,"Authorizes qualified pharmacists, pharmacy interns, and certain pharmacy technicians under supervision to assess vaccine needs and administer covered vaccines under statewide rules based on recommendations from ACIP, AAP, AAFP, and ACOG",,TRUE,06/03/2026,2026,https://script.google.com/macros/s/AKfycbxpQ_nuXzoO9RcrPjc0GLdmhj7VVpuyyShe5YnC9Zdh29Z6m64w-_GApGp_CGOZHtxZ7g/exec
South Dakota,HB 1210,https://mylrc.sdlegislature.gov/api/Documents/299308.pdf?k848ewyijf,Exemption Expansion,Legislation,COVID-19,N,Dead,,"Lost House floor vote on 2/20/2026. Legislation would prohibit employers, educational institutions, state agencies, political subdivisions, and other persons from requiring an individual to receive a COVID-19 vaccination as a condition of employment, enrollment, or receiving a benefit or service",,FALSE,06/03/2026,2026,https://script.google.com/macros/s/AKfycbxpQ_nuXzoO9RcrPjc0GLdmhj7VVpuyyShe5YnC9Zdh29Z6m64w-_GApGp_CGOZHtxZ7g/exec
Vermont,Standing Order,https://www.healthvermont.gov/sites/default/files/document/lsid-covid-vaccine-standing-order.pdf,Scope of Authority,Standing Order,COVID-19,Y,09/17/2025,,"Authorizes qualified pharmacists, pharmacy interns, and pharmacy technicians to administer age-appropriate updated COVID-19 vaccines to people age 5 and older under state recommendations supported by AAP, ACOG, AAFP, IDSA",,TRUE,06/03/2026,2026,https://script.google.com/macros/s/AKfycbxpQ_nuXzoO9RcrPjc0GLdmhj7VVpuyyShe5YnC9Zdh29Z6m64w-_GApGp_CGOZHtxZ7g/exec
Vermont,Vaccine Guidance,https://www.healthvermont.gov/sites/default/files/document/han-respiratory-virus-vaccine-recommendations-2025-2026.pdf,Decoupling / Reducing Reliance,Health Alert,COVID-19,Y,09/18/2025,,"Advises providers to continue recommending and offering 2025–2026 COVID-19, influenza, and RSV immunization based on guidance from the CDC, AAP, ACOG, AAFP, and IDSA, and notes that Vermont had issued a pharmacy standing order the day before for COVID-19 vaccination",,TRUE,06/03/2026,2026,https://script.google.com/macros/s/AKfycbxpQ_nuXzoO9RcrPjc0GLdmhj7VVpuyyShe5YnC9Zdh29Z6m64w-_GApGp_CGOZHtxZ7g/exec
Vermont,Insurance Bulletin,https://dfr.vermont.gov/sites/finreg/files/regbul/dfr-bulletin-238-i-coverage-for-vaccines.pdf,Coverage Requirement,Insurance Bulletin,COVID-19,Y,10/03/2025,,"Directs Vermont-regulated health plans to cover vaccines recommended by the Vermont Department of Health and ACIP, including COVID-19, influenza, and RSV vaccines, without cost sharing or utilization review when members meet Vermont guidance",,TRUE,06/03/2026,2026,https://script.google.com/macros/s/AKfycbxpQ_nuXzoO9RcrPjc0GLdmhj7VVpuyyShe5YnC9Zdh29Z6m64w-_GApGp_CGOZHtxZ7g/exec
Vermont,Vaccine Guidance,https://www.health.ny.gov/press/releases/2026/2026-01-12_pediatrics_vaccine_schedule.htm,Decoupling / Reducing Reliance,Statement,Childhood Vaccines,Y,01/12/2026,,Northeast Public Health Collaborative continues to recommend the American Academy of Pediatrics’ child and adolescent immunization schedule in response to recent federal changes to childhood vaccine guidance,,TRUE,06/03/2026,2026,https://script.google.com/macros/s/AKfycbxpQ_nuXzoO9RcrPjc0GLdmhj7VVpuyyShe5YnC9Zdh29Z6m64w-_GApGp_CGOZHtxZ7g/exec
Virginia,Standing Order,https://www.vdh.virginia.gov/content/uploads/sites/134/COVID-Vaccine-Standing-Order.pdf,Scope of Authority,Standing Order,COVID-19,Y,09/10/2025,,Authorizes qualified pharmacists and pharmacy interns to dispense and administer 2025–2026 FDA-approved COVID-19 vaccines to eligible adults age 18 and older under a statewide protocol grounded in FDA-authorized product criteria,,TRUE,06/03/2026,2026,https://script.google.com/macros/s/AKfycbxpQ_nuXzoO9RcrPjc0GLdmhj7VVpuyyShe5YnC9Zdh29Z6m64w-_GApGp_CGOZHtxZ7g/exec
Washington,Provider Guide,https://doh.wa.gov/sites/default/files/2025-08/348-1118-COVID19VaccineInsuranceCoverage.pdf,"Coverage Requirement, Decoupling / Reducing Reliance",Provider Guide,COVID-19,,07/01/2025,,"Recommends current COVID-19 vaccination for everyone 6 months and older, including pregnant people, based on advice from the Washington State Vaccine Advisory Committee, and explains that Apple Health continues to cover the vaccine while private-plan coverage depends on the patient’s specific insurer",,FALSE,06/03/2026,2026,https://script.google.com/macros/s/AKfycbxpQ_nuXzoO9RcrPjc0GLdmhj7VVpuyyShe5YnC9Zdh29Z6m64w-_GApGp_CGOZHtxZ7g/exec
Washington,Standing Order,https://doh.wa.gov/sites/default/files/2025-09/COVID19VaccineStandingOrder.pdf,Scope of Authority,Standing Order,COVID-19,Y,09/04/2025,,"Authorizes qualified health care providers to administer updated COVID-19 vaccines to people age 6 months and older, including pregnant individuals, using guidance from AAP, ACOG, and AAFP",,TRUE,06/03/2026,2026,https://script.google.com/macros/s/AKfycbxpQ_nuXzoO9RcrPjc0GLdmhj7VVpuyyShe5YnC9Zdh29Z6m64w-_GApGp_CGOZHtxZ7g/exec
Washington,Vaccine Guidance,https://www.cdph.ca.gov/Programs/OPA/Pages/NR26-001.aspx,Decoupling / Reducing Reliance,Statement,Childhood Vaccines,Y,01/05/2026,,Announces the West Coast Health Alliance will continue recommending AAP child and adolescent immunization schedule despite recent federal changes to childhood vaccine guidance,,TRUE,06/03/2026,2026,https://script.google.com/macros/s/AKfycbxpQ_nuXzoO9RcrPjc0GLdmhj7VVpuyyShe5YnC9Zdh29Z6m64w-_GApGp_CGOZHtxZ7g/exec
West Virginia,SB 26,https://www.wvlegislature.gov/bill_status/bills_text.cfm?billdoc=sb26%20intr.htm&yr=2026&sesstype=RS&i=26,Exemption Expansion,Legislation,Childhood Vaccines,N,Died,,Died due to inaction before the end of the legislative session. SB26 would allow religious and philosophical beliefs as an exemption for childhood vaccines for parents and guardians.,,FALSE,06/03/2026,2026,https://script.google.com/macros/s/AKfycbxpQ_nuXzoO9RcrPjc0GLdmhj7VVpuyyShe5YnC9Zdh29Z6m64w-_GApGp_CGOZHtxZ7g/exec
Wisconsin,Executive Order 275,https://evers.wi.gov/Documents/EO/EO275-Vaccines.pdf,Decoupling / Reducing Reliance,Executive Order,COVID-19,Y,09/15/2025,,"Directs state agencies to preserve vaccine access by coordinating on coverage, provider authority, public guidance, and possible standing orders for COVID-19 and other routine vaccines, drawing on recommendations from AAFP, AAP, and ACOG",,TRUE,06/03/2026,2026,https://script.google.com/macros/s/AKfycbxpQ_nuXzoO9RcrPjc0GLdmhj7VVpuyyShe5YnC9Zdh29Z6m64w-_GApGp_CGOZHtxZ7g/exec
Wisconsin,Standing Order,https://www.dhs.wisconsin.gov/dph/memos/communicable-diseases/2025-03-bcd.pdf,Scope of Authority,Standing Order,COVID-19,Y,09/16/2025,09/11/2026,"Authorizes qualified health care personnel to vaccinate people ages 6 months and older without a patient-specific prescription based on recommendations from AAP, ACOG, the AAFP, and the WHO",,TRUE,06/03/2026,2026,https://script.google.com/macros/s/AKfycbxpQ_nuXzoO9RcrPjc0GLdmhj7VVpuyyShe5YnC9Zdh29Z6m64w-_GApGp_CGOZHtxZ7g/exec
Wisconsin,Insurance Bulletin,https://oci.wi.gov/Pages/Regulation/Bulletin20250916COVIDVaccineCoverage.aspx,Coverage Requirement,Insurance Bulletin,COVID-19,Y,09/16/2025,,"Directs insurers and governmental self-funded plans are expected to cover COVID-19 vaccinations without cost sharing for all policyholders, relying on Governor Evers’ Executive Order 275 and the state standing medical order",,TRUE,06/03/2026,2026,https://script.google.com/macros/s/AKfycbxpQ_nuXzoO9RcrPjc0GLdmhj7VVpuyyShe5YnC9Zdh29Z6m64w-_GApGp_CGOZHtxZ7g/exec
Wisconsin,AB 891,https://trackbill.com/bill/wisconsin-assembly-bill-891-relating-to-eliminating-personal-conviction-exemption-from-immunizations/2791005/,Exemption Restriction,Assembly Bill,Childhood Vaccines,N,,,A bill introduced in January 2026 wanted to eliminate the personal exemption belief for vaccines. This bill has failed to pass in March 2026.,,FALSE,06/03/2026,2026,https://script.google.com/macros/s/AKfycbxpQ_nuXzoO9RcrPjc0GLdmhj7VVpuyyShe5YnC9Zdh29Z6m64w-_GApGp_CGOZHtxZ7g/exec
Wisconsin,Vaccine Guidance,https://www.dhs.wisconsin.gov/dph/memos/communicable-diseases/bcd-2026-01.pdf,Decoupling / Reducing Reliance,Memo,Childhood Vaccines,Y,01/08/2026,,Adivses clinicians that the state will not change its childhood vaccine recommendations in response to recent federal schedule changes and will continue recommending the full AAP childhood immunization schedule,,TRUE,06/03/2026,2026,https://script.google.com/macros/s/AKfycbxpQ_nuXzoO9RcrPjc0GLdmhj7VVpuyyShe5YnC9Zdh29Z6m64w-_GApGp_CGOZHtxZ7g/exec
